Currency Code,Rate
USD,82.725
GBP,99.5275
EUR,88.135
JPY,0.6262
CHF,89.5975
AUD,56.17
CAD,61.0525
SGD,61.655
SEK,7.9175
DKK,11.8525
NOK,8.3825
HKD,10.605
MYR,18.78
NZD,52.395
THB,2.3875
BHD,219.4025
AED,22.525
KES,0.67038
IDR,0.00533
QAR,22.6475
OMR,214.875
EGP,3.3425
SAR,21.995
KWD,270.2825
ZAR,4.8725
CNH,0.11913
INR,1
